Name,Average
Alice,84.33333333333333
Bob,1.0
Charlie,80.0
Diana,1.0
Eve,1.0
Frank,71.66666666666667
